"ImportDLL","Ordinal","RuntimeAddr","SourceDLL","Function"
"kernel32.dll","0","0x77d2fb10","ntdll.dll","RtlDeleteCriticalSection"
"kernel32.dll","1","0x77d4b1d0","ntdll.dll","RtlLeaveCriticalSection"
"kernel32.dll","2","0x77d4b250","ntdll.dll","RtlEnterCriticalSection"
"kernel32.dll","3","0x77d5aea0","ntdll.dll","RtlInitializeCriticalSection"
"kernel32.dll","4","0x753169d0","kernel32.dll","VirtualFree"
"kernel32.dll","6","0x75315b40","kernel32.dll","LocalFree"
"kernel32.dll","7","0x75315b20","kernel32.dll","LocalAlloc"
"kernel32.dll","8","0x7536dcc0","kernel32.dll","GetTickCount"
"kernel32.dll","9","0x75315da0","kernel32.dll","QueryPerformanceCounter"
"kernel32.dll","10","0x753156c0","kernel32.dll","GetVersion"
"kernel32.dll","11","0x75318820","kernel32.dll","GetCurrentThreadId"
"kernel32.dll","12","0x753173c0","kernel32.dll","InterlockedDecrement"
"kernel32.dll","13","0x75317420","kernel32.dll","InterlockedIncrement"
"kernel32.dll","14","0x75316a70","kernel32.dll","VirtualQuery"
"kernel32.dll","15","0x75316b10","kernel32.dll","WideCharToMultiByte"
"kernel32.dll","16","0x75315c40","kernel32.dll","MultiByteToWideChar"
"kernel32.dll","17","0x75316c50","kernel32.dll","lstrlen"
"kernel32.dll","18","0x75316c10","kernel32.dll","lstrcpyn"
"kernel32.dll","19","0x75315aa0","kernel32.dll","LoadLibraryExA"
"kernel32.dll","20","0x75315600","kernel32.dll","GetThreadLocale"
"kernel32.dll","21","0x753528e0","kernel32.dll","GetStartupInfoA"
"kernel32.dll","22","0x753151b0","kernel32.dll","GetProcAddress"
"kernel32.dll","23","0x753150b0","kernel32.dll","GetModuleHandleA"
"kernel32.dll","24","0x75315070","kernel32.dll","GetModuleFileNameA"
"kernel32.dll","25","0x75315020","kernel32.dll","GetLocaleInfoA"
"kernel32.dll","26","0x75314cb0","kernel32.dll","GetCommandLineA"
"kernel32.dll","27","0x75314c40","kernel32.dll","FreeLibrary"
"kernel32.dll","28","0x7536ed20","kernel32.dll","FindFirstFileA"
"kernel32.dll","29","0x7536ece0","kernel32.dll","FindClose"
"kernel32.dll","30","0x75313cb0","kernel32.dll","ExitProcess"
"kernel32.dll","31","0x77d663e0","ntdll.dll","RtlExitUserThread"
"kernel32.dll","32","0x753146b0","kernel32.dll","CreateThread"
"kernel32.dll","33","0x7536f0f0","kernel32.dll","WriteFile"
"kernel32.dll","34","0x753168d0","kernel32.dll","UnhandledExceptionFilter"
"kernel32.dll","35","0x75317c10","kernel32.dll","RtlUnwind"
"kernel32.dll","36","0x75315e20","kernel32.dll","RaiseException"
"kernel32.dll","37","0x75315330","kernel32.dll","GetStdHandle"
"kernel32.dll","38","0x75316870","kernel32.dll","TlsSetValue"
"kernel32.dll","39","0x75316850","kernel32.dll","TlsGetValue"
"kernel32.dll","40","0x75316830","kernel32.dll","TlsFree"
"kernel32.dll","41","0x75316820","kernel32.dll","TlsAlloc"
"kernel32.dll","42","0x75356fe0","kernel32.dll","lstrcpy"
"kernel32.dll","43","0x75316b90","kernel32.dll","lstrcmp"
"kernel32.dll","44","0x75316b70","kernel32.dll","WriteProcessMemory"
"kernel32.dll","45","0x75348970","kernel32.dll","WritePrivateProfileStringW"
"kernel32.dll","46","0x75348650","kernel32.dll","WritePrivateProfileStringA"
"kernel32.dll","47","0x7536ec10","kernel32.dll","WaitForSingleObject"
"kernel32.dll","48","0x75316ab0","kernel32.dll","VirtualUnlock"
"kernel32.dll","49","0x75316a50","kernel32.dll","VirtualProtectEx"
"kernel32.dll","50","0x75316a30","kernel32.dll","VirtualProtect"
"kernel32.dll","51","0x75316a10","kernel32.dll","VirtualLock"
"kernel32.dll","52","0x75316990","kernel32.dll","VirtualAllocEx"
"kernel32.dll","53","0x753168f0","kernel32.dll","UnmapViewOfFile"
"kernel32.dll","54","0x75316800","kernel32.dll","TerminateThread"
"kernel32.dll","55","0x753167a0","kernel32.dll","SystemTimeToFileTime"
"kernel32.dll","56","0x75316770","kernel32.dll","SuspendThread"
"kernel32.dll","57","0x75316760","kernel32.dll","Sleep"
"kernel32.dll","58","0x75316740","kernel32.dll","SizeofResource"
"kernel32.dll","59","0x753166c0","kernel32.dll","SetThreadPriority"
"kernel32.dll","60","0x75316fc0","kernel32.dll","SetThreadLocale"
"kernel32.dll","61","0x753166a0","kernel32.dll","SetThreadContext"
"kernel32.dll","62","0x75314f00","kernel32.dll","SetLastError"
"kernel32.dll","63","0x7536f090","kernel32.dll","SetFilePointer"
"kernel32.dll","64","0x7536f070","kernel32.dll","SetFileAttributesW"
"kernel32.dll","65","0x7536f060","kernel32.dll","SetFileAttributesA"
"kernel32.dll","66","0x7536ebc0","kernel32.dll","SetEvent"
"kernel32.dll","67","0x75316500","kernel32.dll","SetErrorMode"
"kernel32.dll","68","0x753164e0","kernel32.dll","SetEnvironmentVariableW"
"kernel32.dll","69","0x753164c0","kernel32.dll","SetEnvironmentVariableA"
"kernel32.dll","70","0x7536f050","kernel32.dll","SetEndOfFile"
"kernel32.dll","71","0x753164a0","kernel32.dll","SetCurrentDirectoryW"
"kernel32.dll","72","0x75316480","kernel32.dll","SetCurrentDirectoryA"
"kernel32.dll","73","0x75316380","kernel32.dll","ResumeThread"
"kernel32.dll","74","0x7536ebb0","kernel32.dll","ResetEvent"
"kernel32.dll","75","0x7536f040","kernel32.dll","RemoveDirectoryW"
"kernel32.dll","76","0x7536f030","kernel32.dll","RemoveDirectoryA"
"kernel32.dll","77","0x75315e30","kernel32.dll","ReadProcessMemory"
"kernel32.dll","78","0x7536f000","kernel32.dll","ReadFile"
"kernel32.dll","79","0x7536eff0","kernel32.dll","QueryDosDeviceW"
"kernel32.dll","80","0x75315d20","kernel32.dll","PostQueuedCompletionStatus"
"kernel32.dll","81","0x75315cc0","kernel32.dll","OpenProcess"
"kernel32.dll","82","0x7536e650","kernel32.dll","MulDiv"
"kernel32.dll","83","0x75315c00","kernel32.dll","MapViewOfFileEx"
"kernel32.dll","84","0x75315be0","kernel32.dll","MapViewOfFile"
"kernel32.dll","85","0x75315bc0","kernel32.dll","LockResource"
"kernel32.dll","86","0x75315b00","kernel32.dll","LoadResource"
"kernel32.dll","87","0x75315ac0","kernel32.dll","LoadLibraryExW"
"kernel32.dll","88","0x75315ae0","kernel32.dll","LoadLibraryW"
"kernel32.dll","89","0x75315a80","kernel32.dll","LoadLibraryA"
"kernel32.dll","90","0x753531a0","kernel32.dll","IsBadWritePtr"
"kernel32.dll","91","0x75313bf0","kernel32.dll","IsBadStringPtrW"
"kernel32.dll","92","0x75353110","kernel32.dll","IsBadReadPtr"
"kernel32.dll","93","0x753157d0","kernel32.dll","HeapDestroy"
"kernel32.dll","94","0x753157b0","kernel32.dll","HeapCreate"
"kernel32.dll","95","0x77d42d40","ntdll.dll","RtlAllocateHeap"
"kernel32.dll","96","0x753544e0","kernel32.dll","GlobalUnlock"
"kernel32.dll","97","0x75353f90","kernel32.dll","GlobalReAlloc"
"kernel32.dll","98","0x75354420","kernel32.dll","GlobalHandle"
"kernel32.dll","99","0x753542f0","kernel32.dll","GlobalLock"
"kernel32.dll","100","0x75311ee0","kernel32.dll","GlobalFree"
"kernel32.dll","101","0x75342090","kernel32.dll","GlobalFindAtomA"
"kernel32.dll","102","0x753420b0","kernel32.dll","GlobalDeleteAtom"
"kernel32.dll","103","0x75315750","kernel32.dll","GlobalAlloc"
"kernel32.dll","105","0x75315730","kernel32.dll","GetWindowsDirectoryW"
"kernel32.dll","106","0x75315710","kernel32.dll","GetWindowsDirectoryA"
"kernel32.dll","107","0x7536ef90","kernel32.dll","GetVolumeInformationW"
"kernel32.dll","108","0x7536ef70","kernel32.dll","GetVolumeInformationA"
"kernel32.dll","109","0x753156d0","kernel32.dll","GetVersionExA"
"kernel32.dll","110","0x75315650","kernel32.dll","GetTimeZoneInformation"
"kernel32.dll","111","0x75315610","kernel32.dll","GetThreadPriority"
"kernel32.dll","112","0x75315580","kernel32.dll","GetThreadContext"
"kernel32.dll","113","0x7536ef60","kernel32.dll","GetTempPathW"
"kernel32.dll","114","0x7536ef50","kernel32.dll","GetTempPathA"
"kernel32.dll","115","0x7536ef40","kernel32.dll","GetTempFileNameW"
"kernel32.dll","116","0x7536ef30","kernel32.dll","GetTempFileNameA"
"kernel32.dll","117","0x753154d0","kernel32.dll","GetSystemInfo"
"kernel32.dll","118","0x75315490","kernel32.dll","GetSystemDirectoryW"
"kernel32.dll","119","0x75315400","kernel32.dll","GetSystemDirectoryA"
"kernel32.dll","120","0x75315390","kernel32.dll","GetStringTypeExW"
"kernel32.dll","121","0x75315370","kernel32.dll","GetStringTypeA"
"kernel32.dll","122","0x75348850","kernel32.dll","GetPrivateProfileStringW"
"kernel32.dll","123","0x75348510","kernel32.dll","GetPrivateProfileStringA"
"kernel32.dll","124","0x753150d0","kernel32.dll","GetModuleHandleW"
"kernel32.dll","125","0x75315090","kernel32.dll","GetModuleFileNameW"
"kernel32.dll","126","0x7536ef20","kernel32.dll","GetLogicalDriveStringsW"
"kernel32.dll","127","0x75315040","kernel32.dll","GetLocaleInfoW"
"kernel32.dll","128","0x75315060","kernel32.dll","GetLocalTime"
"kernel32.dll","129","0x75315010","kernel32.dll","GetLastError"
"kernel32.dll","130","0x7536ef10","kernel32.dll","GetFullPathNameW"
"kernel32.dll","131","0x7536ef00","kernel32.dll","GetFullPathNameA"
"kernel32.dll","132","0x7536eea0","kernel32.dll","GetFileSize"
"kernel32.dll","133","0x7536ee70","kernel32.dll","GetFileAttributesExW"
"kernel32.dll","134","0x7536ee60","kernel32.dll","GetFileAttributesExA"
"kernel32.dll","135","0x7536ee80","kernel32.dll","GetFileAttributesW"
"kernel32.dll","136","0x7536ee50","kernel32.dll","GetFileAttributesA"
"kernel32.dll","137","0x75314ff0","kernel32.dll","GetExitCodeThread"
"kernel32.dll","138","0x7536ee30","kernel32.dll","GetDriveTypeA"
"kernel32.dll","139","0x7536edf0","kernel32.dll","GetDiskFreeSpaceA"
"kernel32.dll","140","0x753176e0","kernel32.dll","GetDateFormatA"
"kernel32.dll","141","0x75318810","kernel32.dll","GetCurrentThread"
"kernel32.dll","142","0x7536e990","kernel32.dll","GetCurrentProcessId"
"kernel32.dll","143","0x7536e980","kernel32.dll","GetCurrentProcess"
"kernel32.dll","144","0x75314e80","kernel32.dll","GetCurrentDirectoryW"
"kernel32.dll","145","0x75314e60","kernel32.dll","GetCurrentDirectoryA"
"kernel32.dll","146","0x753432c0","kernel32.dll","GetComputerNameW"
"kernel32.dll","147","0x75343780","kernel32.dll","GetComputerNameA"
"kernel32.dll","148","0x75314cc0","kernel32.dll","GetCommandLineW"
"kernel32.dll","149","0x75314d10","kernel32.dll","GetCPInfo"
"kernel32.dll","150","0x75314ca0","kernel32.dll","GetACP"
"kernel32.dll","151","0x75314c80","kernel32.dll","FreeResource"
"kernel32.dll","152","0x75317400","kernel32.dll","InterlockedExchangeAdd"
"kernel32.dll","153","0x753173e0","kernel32.dll","InterlockedExchange"
"kernel32.dll","154","0x753173a0","kernel32.dll","InterlockedCompareExchange"
"kernel32.dll","155","0x75314be0","kernel32.dll","FormatMessageW"
"kernel32.dll","156","0x75314bc0","kernel32.dll","FormatMessageA"
"kernel32.dll","157","0x75314b60","kernel32.dll","FlushInstructionCache"
"kernel32.dll","158","0x7536ede0","kernel32.dll","FlushFileBuffers"
"kernel32.dll","159","0x75314aa0","kernel32.dll","FindResourceW"
"kernel32.dll","160","0x753527c0","kernel32.dll","FindResourceA"
"kernel32.dll","161","0x7536edb0","kernel32.dll","FindNextFileW"
"kernel32.dll","162","0x7536ed90","kernel32.dll","FindNextFileA"
"kernel32.dll","163","0x7536ed60","kernel32.dll","FindFirstFileW"
"kernel32.dll","164","0x7536ecd0","kernel32.dll","FileTimeToLocalFileTime"
"kernel32.dll","165","0x75351eb0","kernel32.dll","FileTimeToDosDateTime"
"kernel32.dll","166","0x7532c0d0","kernel32.dll","EnumCalendarInfoA"
"kernel32.dll","167","0x75311170","kernel32.dll","DeviceIoControl"
"kernel32.dll","168","0x7536ecb0","kernel32.dll","DeleteFileW"
"kernel32.dll","169","0x7536eca0","kernel32.dll","DeleteFileA"
"kernel32.dll","170","0x75314670","kernel32.dll","CreateRemoteThread"
"kernel32.dll","171","0x7536eab0","kernel32.dll","CreateMutexA"
"kernel32.dll","172","0x753144b0","kernel32.dll","CreateFileMappingW"
"kernel32.dll","173","0x7534db60","kernel32.dll","CreateFileMappingA"
"kernel32.dll","174","0x7536ec80","kernel32.dll","CreateFileW"
"kernel32.dll","175","0x7536ec70","kernel32.dll","CreateFileA"
"kernel32.dll","176","0x7536ea70","kernel32.dll","CreateEventA"
"kernel32.dll","177","0x7536ec50","kernel32.dll","CreateDirectoryW"
"kernel32.dll","178","0x7536ec40","kernel32.dll","CreateDirectoryA"
"kernel32.dll","179","0x75314430","kernel32.dll","CompareStringW"
"kernel32.dll","180","0x75314410","kernel32.dll","CompareStringA"
"kernel32.dll","181","0x7536ea20","kernel32.dll","CloseHandle"
"kernel32.dll","182","0x75313b80","kernel32.dll","IsBadStringPtrA"
"user32.dll","0","0x77978d80","user32.dll","GetKeyboardType"
"user32.dll","2","0x7796d740","user32.dll","MessageBoxA"
"user32.dll","3","0x7791bf60","user32.dll","CharNextA"
"user32.dll","4","0x77928780","user32.dll","CreateWindowExW"
"user32.dll","5","0x77921470","user32.dll","CreateWindowExA"
"user32.dll","6","0x77934080","user32.dll","WindowFromPoint"
"user32.dll","7","0x77918290","user32.dll","WinHelpA"
"user32.dll","8","0x77934060","user32.dll","WaitMessage"
"user32.dll","9","0x77922340","user32.dll","VkKeyScanW"
"user32.dll","10","0x77921eb0","user32.dll","UpdateLayeredWindow"
"user32.dll","11","0x77912b80","user32.dll","UpdateWindow"
"user32.dll","12","0x77928630","user32.dll","UnregisterClassW"
"user32.dll","13","0x7792b230","user32.dll","UnregisterClassA"
"user32.dll","14","0x77933fa0","user32.dll","UnhookWindowsHookEx"
"user32.dll","15","0x7792f900","user32.dll","TranslateMessage"
"user32.dll","16","0x7796b350","user32.dll","TranslateMDISysAccel"
"user32.dll","17","0x7796be20","user32.dll","TrackPopupMenu"
"user32.dll","18","0x77915060","user32.dll","SystemParametersInfoA"
"user32.dll","19","0x77933ee0","user32.dll","ShowWindow"
"user32.dll","20","0x77933ec0","user32.dll","ShowScrollBar"
"user32.dll","21","0x77923650","user32.dll","ShowOwnedPopups"
"user32.dll","22","0x77922820","user32.dll","ShowCursor"
"user32.dll","23","0x77930e70","user32.dll","SetWindowsHookExW"
"user32.dll","24","0x77922730","user32.dll","SetWindowsHookExA"
"user32.dll","25","0x7790d0c0","user32.dll","SetWindowTextW"
"user32.dll","26","0x7790e620","user32.dll","SetWindowTextA"
"user32.dll","27","0x77933e90","user32.dll","SetWindowPos"
"user32.dll","28","0x77933e80","user32.dll","SetWindowPlacement"
"user32.dll","29","0x779258c0","user32.dll","SetWindowLongW"
"user32.dll","30","0x77920a80","user32.dll","SetWindowLongA"
"user32.dll","31","0x77930370","user32.dll","SetTimer"
"user32.dll","32","0x779150e0","user32.dll","SetScrollRange"
"user32.dll","33","0x77922380","user32.dll","SetScrollPos"
"user32.dll","34","0x77911fa0","user32.dll","SetScrollInfo"
"user32.dll","35","0x7791bd40","user32.dll","SetRect"
"user32.dll","36","0x779214c0","user32.dll","SetPropA"
"user32.dll","37","0x779225c0","user32.dll","SetParent"
"user32.dll","38","0x77908f60","user32.dll","SetMenuItemInfoW"
"user32.dll","39","0x7797f800","user32.dll","SetMenuItemInfoA"
"user32.dll","40","0x779232c0","user32.dll","SetMenu"
"user32.dll","41","0x77922900","user32.dll","SetForegroundWindow"
"user32.dll","42","0x77933d10","user32.dll","SetFocus"
"user32.dll","43","0x77932bec","user32.dll","SetCursor"
"user32.dll","44","0x77923140","user32.dll","SetClassLongA"
"user32.dll","45","0x77933c50","user32.dll","SetCapture"
"user32.dll","46","0x77933c10","user32.dll","SetActiveWindow"
"user32.dll","47","0x779107d0","user32.dll","SendMessageW"
"user32.dll","48","0x77910630","user32.dll","SendMessageA"
"user32.dll","49","0x779222d0","user32.dll","ScrollWindow"
"user32.dll","50","0x77919ad0","user32.dll","ScreenToClient"
"user32.dll","51","0x77921780","user32.dll","RemovePropA"
"user32.dll","52","0x77933b90","user32.dll","RemoveMenu"
"user32.dll","53","0x7792a480","user32.dll","ReleaseDC"
"user32.dll","54","0x77921770","user32.dll","ReleaseCapture"
"user32.dll","55","0x7792f7a0","user32.dll","RegisterClipboardFormatA"
"user32.dll","56","0x7792f7a0","user32.dll","RegisterClipboardFormatA"
"user32.dll","57","0x77928720","user32.dll","RegisterClassW"
"user32.dll","58","0x77917a10","user32.dll","RegisterClassA"
"user32.dll","59","0x77933ab0","user32.dll","RedrawWindow"
"user32.dll","60","0x779169d0","user32.dll","PtInRect"
"user32.dll","61","0x77922bc0","user32.dll","PostQuitMessage"
"user32.dll","62","0x7792f870","user32.dll","PostMessageW"
"user32.dll","63","0x7791b8d0","user32.dll","PostMessageA"
"user32.dll","64","0x779187a0","user32.dll","PeekMessageA"
"user32.dll","65","0x77919620","user32.dll","OffsetRect"
"user32.dll","66","0x7796f190","user32.dll","OemToCharA"
"user32.dll","67","0x7792eca0","user32.dll","MsgWaitForMultipleObjects"
"user32.dll","68","0x7796db70","user32.dll","MessageBoxW"
"user32.dll","69","0x77924420","user32.dll","MapWindowPoints"
"user32.dll","70","0x77923370","user32.dll","MapVirtualKeyW"
"user32.dll","71","0x77922690","user32.dll","MapVirtualKeyA"
"user32.dll","72","0x779799d0","user32.dll","LoadKeyboardLayoutA"
"user32.dll","73","0x77922120","user32.dll","LoadIconA"
"user32.dll","74","0x7792ab70","user32.dll","LoadCursorA"
"user32.dll","75","0x77922e80","user32.dll","LoadBitmapA"
"user32.dll","76","0x77933950","user32.dll","KillTimer"
"user32.dll","77","0x7791b000","user32.dll","IsZoomed"
"user32.dll","78","0x779177b0","user32.dll","IsWindowVisible"
"user32.dll","79","0x77919ef0","user32.dll","IsWindowUnicode"
"user32.dll","80","0x7791a220","user32.dll","IsWindowEnabled"
"user32.dll","81","0x77927800","user32.dll","IsWindow"
"user32.dll","82","0x7791b0c0","user32.dll","IsRectEmpty"
"user32.dll","83","0x7790ad50","user32.dll","IsIconic"
"user32.dll","84","0x7790d340","user32.dll","IsDialogMessageW"
"user32.dll","85","0x7790a610","user32.dll","IsDialogMessage"
"user32.dll","86","0x77909550","user32.dll","IsChild"
"user32.dll","87","0x779338a0","user32.dll","InvalidateRect"
"user32.dll","88","0x77912540","user32.dll","IntersectRect"
"user32.dll","89","0x7797f770","user32.dll","InsertMenuItemA"
"user32.dll","90","0x7797f720","user32.dll","InsertMenuA"
"user32.dll","91","0x77913570","user32.dll","InflateRect"
"user32.dll","92","0x7792eb60","user32.dll","GetWindowThreadProcessId"
"user32.dll","93","0x7790cc40","user32.dll","GetWindowTextLengthW"
"user32.dll","94","0x7790eac0","user32.dll","GetWindowTextW"
"user32.dll","95","0x7790ea40","user32.dll","GetWindowTextA"
"user32.dll","96","0x77926c50","user32.dll","GetWindowRect"
"user32.dll","97","0x77933750","user32.dll","GetWindowPlacement"
"user32.dll","98","0x779237e0","user32.dll","GetWindowLongW"
"user32.dll","99","0x7791b4b0","user32.dll","GetWindowLongA"
"user32.dll","100","0x77933710","user32.dll","GetWindowDC"
"user32.dll","101","0x779183f0","user32.dll","GetTopWindow"
"user32.dll","102","0x7792ddc0","user32.dll","GetSystemMetrics"
"user32.dll","103","0x77933680","user32.dll","GetSystemMenu"
"user32.dll","104","0x779309b0","user32.dll","GetSysColorBrush"
"user32.dll","105","0x7792fcf0","user32.dll","GetSysColor"
"user32.dll","106","0x7790c480","user32.dll","GetSubMenu"
"user32.dll","107","0x77921e50","user32.dll","GetScrollRange"
"user32.dll","108","0x7790cb50","user32.dll","GetScrollPos"
"user32.dll","109","0x779130f0","user32.dll","GetScrollInfo"
"user32.dll","110","0x7791d090","user32.dll","GetPropA"
"user32.dll","111","0x77918570","user32.dll","GetParent"
"user32.dll","112","0x7792d880","user32.dll","GetWindow"
"user32.dll","113","0x7791f080","user32.dll","GetMessagePos"
"user32.dll","114","0x77908f10","user32.dll","GetMenuStringW"
"user32.dll","115","0x7797f590","user32.dll","GetMenuStringA"
"user32.dll","116","0x7790bb90","user32.dll","GetMenuState"
"user32.dll","117","0x7790bc40","user32.dll","GetMenuItemInfoW"
"user32.dll","118","0x7797f310","user32.dll","GetMenuItemInfoA"
"user32.dll","119","0x7790c660","user32.dll","GetMenuItemID"
"user32.dll","120","0x7790c550","user32.dll","GetMenuItemCount"
"user32.dll","121","0x7790c590","user32.dll","GetMenu"
"user32.dll","122","0x7791f940","user32.dll","GetLastActivePopup"
"user32.dll","123","0x779334c0","user32.dll","GetKeyboardState"
"user32.dll","124","0x779334b0","user32.dll","GetKeyboardLayoutList"
"user32.dll","125","0x779303a0","user32.dll","GetKeyboardLayout"
"user32.dll","126","0x7791a170","user32.dll","GetKeyState"
"user32.dll","127","0x7797dee0","user32.dll","GetKeyNameTextW"
"user32.dll","128","0x77976620","user32.dll","GetKeyNameTextA"
"user32.dll","129","0x7791ca50","user32.dll","GetIconInfo"
"user32.dll","130","0x77933420","user32.dll","GetForegroundWindow"
"user32.dll","131","0x7791d120","user32.dll","GetFocus"
"user32.dll","132","0x779138c0","user32.dll","GetDesktopWindow"
"user32.dll","133","0x779333d0","user32.dll","GetDCEx"
"user32.dll","134","0x779333c0","user32.dll","GetDC"
"user32.dll","135","0x7791dcc0","user32.dll","GetCursorPos"
"user32.dll","136","0x779205e0","user32.dll","GetCursor"
"user32.dll","137","0x77920bc0","user32.dll","GetClipboardData"
"user32.dll","138","0x77919650","user32.dll","GetClientRect"
"user32.dll","139","0x77930310","user32.dll","GetClassNameW"
"user32.dll","140","0x7791ba80","user32.dll","GetClassNameA"
"user32.dll","141","0x77928450","user32.dll","GetClassInfoW"
"user32.dll","142","0x77917d70","user32.dll","GetClassInfoA"
"user32.dll","143","0x7791d1e0","user32.dll","GetCapture"
"user32.dll","144","0x779205d0","user32.dll","GetActiveWindow"
"user32.dll","145","0x7791f260","user32.dll","FrameRect"
"user32.dll","146","0x77930830","user32.dll","FindWindowW"
"user32.dll","147","0x77917a80","user32.dll","FindWindowA"
"user32.dll","148","0x77913850","user32.dll","FillRect"
"user32.dll","149","0x7791ba40","user32.dll","EqualRect"
"user32.dll","150","0x7791a3c0","user32.dll","EnumWindows"
"user32.dll","151","0x7791a3f0","user32.dll","EnumThreadWindows"
"user32.dll","152","0x779332d0","user32.dll","EndPaint"
"user32.dll","153","0x77920a60","user32.dll","EnableWindow"
"user32.dll","154","0x77971ac0","user32.dll","EnableScrollBar"
"user32.dll","155","0x7790b1b0","user32.dll","EnableMenuItem"
"user32.dll","156","0x77913be0","user32.dll","DrawTextW"
"user32.dll","157","0x77916610","user32.dll","DrawTextA"
"user32.dll","158","0x779226c0","user32.dll","DrawMenuBar"
"user32.dll","159","0x7791de30","user32.dll","DrawIconEx"
"user32.dll","160","0x7791de00","user32.dll","DrawIcon"
"user32.dll","161","0x77915d30","user32.dll","DrawFrameControl"
"user32.dll","162","0x77916c20","user32.dll","DrawEdge"
"user32.dll","163","0x77924840","user32.dll","DispatchMessageW"
"user32.dll","164","0x7791fd80","user32.dll","DispatchMessageA"
"user32.dll","165","0x77933160","user32.dll","DestroyWindow"
"user32.dll","166","0x77933150","user32.dll","DestroyMenu"
"user32.dll","167","0x77921810","user32.dll","DestroyCursor"
"user32.dll","168","0x77921810","user32.dll","DestroyCursor"
"user32.dll","169","0x77933130","user32.dll","DeleteMenu"
"user32.dll","170","0x77d85660","ntdll.dll","NtdllDefWindowProc_W"
"user32.dll","171","0x77d85650","ntdll.dll","NtdllDefWindowProc_A"
"user32.dll","172","0x7796ad20","user32.dll","DefMDIChildProcW"
"user32.dll","173","0x7790c8b0","user32.dll","DefMDIChildProcA"
"user32.dll","174","0x7796acf0","user32.dll","DefFrameProcW"
"user32.dll","175","0x77915fe0","user32.dll","DefFrameProcA"
"user32.dll","176","0x779235d0","user32.dll","CreatePopupMenu"
"user32.dll","177","0x779232b0","user32.dll","CreateMenu"
"user32.dll","178","0x7796acb0","user32.dll","CreateMDIWindowW"
"user32.dll","179","0x77952020","user32.dll","CreateIcon"
"user32.dll","180","0x7791b570","user32.dll","ClientToScreen"
"user32.dll","181","0x77977a80","user32.dll","ChildWindowFromPoint"
"user32.dll","182","0x7790b930","user32.dll","CheckMenuItem"
"user32.dll","183","0x77977670","user32.dll","CharUpperBuffW"
"user32.dll","184","0x77930f70","user32.dll","CharUpperW"
"user32.dll","185","0x779234a0","user32.dll","CharLowerBuffW"
"user32.dll","186","0x779775d0","user32.dll","CharLowerW"
"user32.dll","187","0x7791ae20","user32.dll","CallWindowProcW"
"user32.dll","188","0x7791a030","user32.dll","CallWindowProcA"
"user32.dll","189","0x7792da00","user32.dll","CallNextHookEx"
"user32.dll","190","0x77932fb0","user32.dll","BeginPaint"
"user32.dll","191","0x779775b0","user32.dll","CharLowerBuffA"
"user32.dll","192","0x77922ef0","user32.dll","CharLowerA"
"user32.dll","193","0x77923690","user32.dll","CharUpperA"
"user32.dll","194","0x7796f020","user32.dll","CharToOemA"
"user32.dll","195","0x77912f80","user32.dll","AdjustWindowRectEx"
"user32.dll","196","0x77932be0","user32.dll","ActivateKeyboardLayout"
"advapi32.dll","0","0x7783f020","advapi32.dll","RegQueryValueExA"
"advapi32.dll","1","0x7783f210","advapi32.dll","RegOpenKeyExA"
"advapi32.dll","2","0x7783ed60","advapi32.dll","RegCloseKey"
"advapi32.dll","3","0x7783f530","advapi32.dll","RegSetValueExW"
"advapi32.dll","4","0x7783ffc0","advapi32.dll","RegSetValueExA"
"advapi32.dll","5","0x7783e5a0","advapi32.dll","RegQueryValueExW"
"advapi32.dll","6","0x77840000","advapi32.dll","RegOpenKeyA"
"advapi32.dll","7","0x778421b0","advapi32.dll","RegFlushKey"
"advapi32.dll","8","0x778407a0","advapi32.dll","RegDeleteValueA"
"advapi32.dll","9","0x7783f560","advapi32.dll","RegCreateKeyExA"
"advapi32.dll","10","0x7783eeb0","advapi32.dll","OpenThreadToken"
"advapi32.dll","11","0x7783efb0","advapi32.dll","OpenProcessToken"
"advapi32.dll","12","0x7783f890","advapi32.dll","GetUserNameW"
"advapi32.dll","13","0x77842180","advapi32.dll","GetUserNameA"
"advapi32.dll","14","0x7783ee90","advapi32.dll","GetTokenInformation"
"advapi32.dll","15","0x7783fa80","advapi32.dll","FreeSid"
"advapi32.dll","16","0x7783ffe0","advapi32.dll","EqualSid"
"advapi32.dll","17","0x7783f440","advapi32.dll","AllocateAndInitializeSid"
"advapi32.dll","18","0x778407e0","advapi32.dll","OpenSCManagerA"
"advapi32.dll","19","0x77864350","advapi32.dll","EnumServicesStatusW"
"advapi32.dll","20","0x7783fc00","advapi32.dll","CloseServiceHandle"
"oleaut32.dll","0","0x77a59e70","oleaut32.dll","SysFreeString"
"oleaut32.dll","1","0x77a604e0","oleaut32.dll","SysReAllocStringLen"
"oleaut32.dll","2","0x77a59d30","oleaut32.dll","SysAllocStringLen"
"oleaut32.dll","3","0x77a797c0","oleaut32.dll","GetErrorInfo"
"oleaut32.dll","4","0x77a65db0","oleaut32.dll","SafeArrayPtrOfIndex"
"oleaut32.dll","5","0x77a64b80","oleaut32.dll","SafeArrayGetUBound"
"oleaut32.dll","6","0x77a655e0","oleaut32.dll","SafeArrayGetLBound"
"oleaut32.dll","7","0x77a5f090","oleaut32.dll","SafeArrayCreate"
"oleaut32.dll","8","0x77a58b30","oleaut32.dll","VariantChangeType"
"oleaut32.dll","9","0x77a797f0","oleaut32.dll","VariantCopy"
"oleaut32.dll","10","0x77a797e0","oleaut32.dll","VariantClear"
"oleaut32.dll","11","0x77a79810","oleaut32.dll","VariantInit"
"version.dll","0","0x747b1510","version.dll","VerQueryValueW"
"version.dll","1","0x747b14f0","version.dll","VerQueryValueA"
"version.dll","2","0x747b1570","version.dll","GetFileVersionInfoSizeW"
"version.dll","3","0x747b14d0","version.dll","GetFileVersionInfoSizeA"
"version.dll","4","0x747b1590","version.dll","GetFileVersionInfoW"
"version.dll","5","0x747b14b0","version.dll","GetFileVersionInfoA"
"gdi32.dll","0","0x756e4480","gdi32.dll","UnrealizeObject"
"gdi32.dll","1","0x756e3810","gdi32.dll","StretchBlt"
"gdi32.dll","2","0x756e38a0","gdi32.dll","SetWindowOrgEx"
"gdi32.dll","3","0x756eb930","gdi32.dll","SetWinMetaFileBits"
"gdi32.dll","4","0x756e39b0","gdi32.dll","SetViewportOrgEx"
"gdi32.dll","5","0x756e6490","gdi32.dll","SetTextColor"
"gdi32.dll","6","0x756e3bd0","gdi32.dll","SetStretchBltMode"
"gdi32.dll","7","0x756e3f80","gdi32.dll","SetROP2"
"gdi32.dll","8","0x756e4fd0","gdi32.dll","SetPixel"
"gdi32.dll","9","0x756e7830","gdi32.dll","SetEnhMetaFileBits"
"gdi32.dll","10","0x756e7130","gdi32.dll","SetDIBColorTable"
"gdi32.dll","11","0x756e7110","gdi32.dll","SetBrushOrgEx"
"gdi32.dll","12","0x756e6560","gdi32.dll","SetBkMode"
"gdi32.dll","13","0x756e6520","gdi32.dll","SetBkColor"
"gdi32.dll","14","0x756e6890","gdi32.dll","SelectPalette"
"gdi32.dll","15","0x756e6460","gdi32.dll","SelectObject"
"gdi32.dll","16","0x756e3b40","gdi32.dll","SelectClipRgn"
"gdi32.dll","17","0x756e6610","gdi32.dll","SaveDC"
"gdi32.dll","18","0x756ed040","gdi32.dll","RoundRect"
"gdi32.dll","19","0x756e65d0","gdi32.dll","RestoreDC"
"gdi32.dll","20","0x756e42a0","gdi32.dll","Rectangle"
"gdi32.dll","21","0x756e3a30","gdi32.dll","RectVisible"
"gdi32.dll","22","0x756e4420","gdi32.dll","RealizePalette"
"gdi32.dll","23","0x756e4ab0","gdi32.dll","Polyline"
"gdi32.dll","24","0x756ecee0","gdi32.dll","PlayEnhMetaFile"
"gdi32.dll","25","0x756e37a0","gdi32.dll","PatBlt"
"gdi32.dll","26","0x756e3730","gdi32.dll","MoveToEx"
"gdi32.dll","27","0x756eb270","gdi32.dll","MaskBlt"
"gdi32.dll","28","0x756e3ec0","gdi32.dll","LineTo"
"gdi32.dll","29","0x756e34c0","gdi32.dll","IntersectClipRect"
"gdi32.dll","30","0x756e7070","gdi32.dll","GetWindowOrgEx"
"gdi32.dll","31","0x756e7810","gdi32.dll","GetWinMetaFileBits"
"gdi32.dll","32","0x756e36f0","gdi32.dll","GetTextMetricsA"
"gdi32.dll","33","0x756e3440","gdi32.dll","GetTextExtentPoint32W"
"gdi32.dll","34","0x756e4f30","gdi32.dll","GetTextExtentPoint32A"
"gdi32.dll","35","0x756e4a50","gdi32.dll","GetSystemPaletteEntries"
"gdi32.dll","36","0x756e66c0","gdi32.dll","GetStockObject"
"gdi32.dll","37","0x756e48b0","gdi32.dll","GetPixel"
"gdi32.dll","38","0x756e43e0","gdi32.dll","GetPaletteEntries"
"gdi32.dll","39","0x756e39f0","gdi32.dll","GetObjectA"
"gdi32.dll","40","0x756e77d0","gdi32.dll","GetEnhMetaFilePaletteEntries"
"gdi32.dll","41","0x756e77b0","gdi32.dll","GetEnhMetaFileHeader"
"gdi32.dll","42","0x756ecc70","gdi32.dll","GetEnhMetaFileBits"
"gdi32.dll","43","0x756e5c60","gdi32.dll","GetDeviceCaps"
"gdi32.dll","44","0x756e6680","gdi32.dll","GetDIBits"
"gdi32.dll","45","0x756e7010","gdi32.dll","GetDIBColorTable"
"gdi32.dll","46","0x756e6d20","gdi32.dll","GetDCOrgEx"
"gdi32.dll","47","0x756ecc00","gdi32.dll","GetCurrentPositionEx"
"gdi32.dll","48","0x756e3de0","gdi32.dll","GetClipBox"
"gdi32.dll","49","0x756e6ff0","gdi32.dll","GetBrushOrgEx"
"gdi32.dll","50","0x756e50b0","gdi32.dll","GetBitmapBits"
"gdi32.dll","51","0x756e3a70","gdi32.dll","ExtTextOutA"
"gdi32.dll","52","0x756e7b70","gdi32.dll","ExcludeClipRect"
"gdi32.dll","53","0x756ecb40","gdi32.dll","Ellipse"
"gdi32.dll","54","0x756e52b0","gdi32.dll","DeleteObject"
"gdi32.dll","55","0x756e42e0","gdi32.dll","DeleteEnhMetaFile"
"gdi32.dll","56","0x756e5870","gdi32.dll","DeleteDC"
"gdi32.dll","57","0x756e6860","gdi32.dll","CreateSolidBrush"
"gdi32.dll","58","0x756e50f0","gdi32.dll","CreatePenIndirect"
"gdi32.dll","59","0x756e6ae0","gdi32.dll","CreatePalette"
"gdi32.dll","60","0x756e4d50","gdi32.dll","CreateHalftonePalette"
"gdi32.dll","61","0x756e4880","gdi32.dll","CreateFontIndirectA"
"gdi32.dll","62","0x756e67a0","gdi32.dll","CreateDIBitmap"
"gdi32.dll","63","0x756e66f0","gdi32.dll","CreateDIBSection"
"gdi32.dll","64","0x756e65a0","gdi32.dll","CreateCompatibleDC"
"gdi32.dll","65","0x756e6640","gdi32.dll","CreateCompatibleBitmap"
"gdi32.dll","66","0x756e40e0","gdi32.dll","CreateBrushIndirect"
"gdi32.dll","67","0x756e6820","gdi32.dll","CreateBitmap"
"gdi32.dll","68","0x756e8af0","gdi32.dll","CopyEnhMetaFileA"
"gdi32.dll","69","0x756e64d0","gdi32.dll","BitBlt"
"shell32.dll","2","0x765def30","shell32.dll","ExtractAssociatedIconW"
"shell32.dll","3","0x765debf0","shell32.dll","ExtractAssociatedIconA"
"ole32.dll","5","0x77b0a880","ole32.dll","CoInitialize"
"comctl32.dll","0","0x745daca0","comctl32.dll","ImageList_SetIconSize"
"comctl32.dll","1","0x7458db90","comctl32.dll","ImageList_GetIconSize"
"comctl32.dll","2","0x7458f860","comctl32.dll","ImageList_Write"
"comctl32.dll","3","0x74531700","comctl32.dll","ImageList_Read"
"comctl32.dll","4","0x745da7b0","comctl32.dll","ImageList_GetDragImage"
"comctl32.dll","5","0x745da650","comctl32.dll","ImageList_DragShowNolock"
"comctl32.dll","6","0x745dab80","comctl32.dll","ImageList_SetDragCursorImage"
"comctl32.dll","7","0x745da5e0","comctl32.dll","ImageList_DragMove"
"comctl32.dll","8","0x745da570","comctl32.dll","ImageList_DragLeave"
"comctl32.dll","9","0x745da500","comctl32.dll","ImageList_DragEnter"
"comctl32.dll","10","0x745da740","comctl32.dll","ImageList_EndDrag"
"comctl32.dll","11","0x745da2b0","comctl32.dll","ImageList_BeginDrag"
"comctl32.dll","12","0x7458ed30","comctl32.dll","ImageList_Remove"
"comctl32.dll","13","0x74538100","comctl32.dll","ImageList_DrawEx"
"comctl32.dll","14","0x745da9f0","comctl32.dll","ImageList_Replace"
"comctl32.dll","15","0x7455b7f0","comctl32.dll","ImageList_Draw"
"comctl32.dll","16","0x74539010","comctl32.dll","ImageList_GetBkColor"
"comctl32.dll","17","0x74543c70","comctl32.dll","ImageList_SetBkColor"
"comctl32.dll","18","0x74564dc0","comctl32.dll","ImageList_ReplaceIcon"
"comctl32.dll","19","0x74565500","comctl32.dll","ImageList_Add"
"comctl32.dll","20","0x7458ec80","comctl32.dll","ImageList_GetImageCount"
"comctl32.dll","21","0x7455b8f0","comctl32.dll","ImageList_Destroy"
"comctl32.dll","22","0x7455ba00","comctl32.dll","ImageList_Create"
"comctl32.dll","23","0x745904c0","comctl32.dll","InitCommonControls"
"ntdll.dll","0","0x77d74340","ntdll.dll","RtlInitUnicodeString"
"ntdll.dll","1","0x77d742c0","ntdll.dll","RtlInitString"
"ntdll.dll","2","0x77d40810","ntdll.dll","RtlFreeAnsiString"
"ntdll.dll","3","0x77d3bb10","ntdll.dll","RtlFormatCurrentUserKeyPath"
"ntdll.dll","4","0x77d54f70","ntdll.dll","RtlDosPathNameToNtPathName_U"
"ntdll.dll","5","0x77d720c0","ntdll.dll","NtQuerySystemInformation"
"ntdll.dll","6","0x77d720d0","ntdll.dll","NtOpenSection"
"ntdll.dll","7","0x77d72260","ntdll.dll","NtProtectVirtualMemory"
"ntdll.dll","8","0x77d26c70","ntdll.dll","LdrGetProcedureAddress"
"SHFolder.dll","0","0x69631d10","SHFolder.dll","SHGetFolderPathW"
"SHFolder.dll","1","0x69631340","SHFolder.dll","SHGetFolderPathA"
