"ImportDLL","Ordinal","RuntimeAddr","Hex"
"kernel32.dll","5","0x02248b8c","0x02248b8c"
"kernel32.dll","104","0x02248c00","0x02248c00"
"user32.dll","1","0x02248bc4","0x02248bc4"
"shell32.dll","0","0x76563f80","0x76563f80"
"shell32.dll","1","0x76603de0","0x76603de0"
"ole32.dll","0","0x755505d0","0x755505d0"
"ole32.dll","1","0x755059b0","0x755059b0"
"ole32.dll","2","0x75582360","0x75582360"
"ole32.dll","3","0x75534d20","0x75534d20"
"ole32.dll","4","0x75570fd0","0x75570fd0"
"shlwapi.dll","0","0x7581c300","0x7581c300"
